<?xml version="1.0" encoding="UTF-8"?>
<beans  xmlns="http://www.springframework.org/schema/beans"  
    xmlns:xsi="http://www.w3.org/2001/XMLSchema-instance"  
    xsi:schemaLocation="http://www.springframework.org/schema/beans  
    http://www.springframework.org/schema/beans/spring-beans-4.0.xsd"> 
    <bean id="bob" class="com.edu.Book">
    <property name="bid" value="12"></property>
    <property name="bname" value="Java"></property>
    <property name="bprice" value="123"></property>
    </bean>
    
  </beans>
