<?xml version="1.0" encoding="UTF-8"?>
<beans  xmlns="http://www.springframework.org/schema/beans"  
    xmlns:xsi="http://www.w3.org/2001/XMLSchema-instance"  
    xsi:schemaLocation="http://www.springframework.org/schema/beans  
    http://www.springframework.org/schema/beans/spring-beans-4.0.xsd"> 
    <!-- create an object -->
    <bean id="empobj" class="com.edu.Employee"><!--  Employee eob=new Employee(1,"Deepi",12345.34) -->
      <constructor-arg value="1" type="int"></constructor-arg> 
      <constructor-arg value="Deepi" type="String"></constructor-arg>
      <constructor-arg value="23456.23" type="Double"></constructor-arg>
    </bean>
    
    <bean id="empobj1" class="com.edu.Employee"><!--  Employee eob=new Employee(1,"kiran") -->
      <constructor-arg value="2" type="int"></constructor-arg> 
      <constructor-arg value="Bismi" type="String"></constructor-arg>
      <constructor-arg value="12345.34" type="Double"></constructor-arg>
    </bean>
    <bean id="empobj2" class="com.edu.Employee"><!--  Employee eob=new Employee(1,"kiran") -->
      <constructor-arg value="3" type="int"></constructor-arg> 
      <constructor-arg value="vijay" type="String"></constructor-arg>
      <constructor-arg value="76756.45" type="Double"></constructor-arg>
    </bean>
    </beans>
